scan,label,usagestats_size,dropbox_count,dropbox_size,notification_entries,notification_size,packages_size,netstats_size,ishredder_pdf,shreddit_count,secure_eraser_ts,factory_reset,unknown_wiping_app_detected,source
baseline_scan,normal,17944,84,139498,0,20480,703366,5622,0,0,0,0,0,real
scan_20260615_145928,normal,17944,84,139498,0,20480,703366,5622,0,0,0,0,0,real
scan_20260615_151217,normal,17944,84,139498,0,20480,703366,5622,0,0,0,0,0,real
scan_20260618_102522,normal,18,71,118316,0,20480,710544,3230,0,0,0,0,0,real
scan_20260618_102956,normal,18,74,121939,0,20480,710544,4162,0,0,0,0,0,real
scan_20260618_103609,normal,18,129,433398,0,28672,710544,4162,0,0,0,0,0,real
scan_20260615_152150,anomaly,17944,85,156615,8,20480,703366,5622,1,0,0,0,0,real
scan_20260617_151004,anomaly,19725,124,221645,15,28672,703366,5859,1,1,1781688762102,0,0,real
scan_20260617_151530,anomaly,19725,124,221645,21,28672,703366,5859,1,2,1781689500111,0,0,real
scan_20260618_104018,anomaly,18,133,439103,4,28672,710544,4162,0,1,0,0,0,real
scan_20260618_104208,anomaly,18,133,439103,4,28672,710544,4162,0,1,1781759474531,0,0,real
scan_20260618_104523,anomaly,18,134,439816,12,28672,710544,4162,0,1,1781759619693,0,0,real
scan_20260622_104830,anomaly,22097,14,15509,12,28672,710544,5929,0,0,0,0,0,real
scan_20260622_114030,anomaly,26400,49,61620,44,32768,710544,7097,0,0,0,0,0,real
scan_20260622_105235,anomaly,22097,23,41397,20,28672,710544,5929,1,0,0,0,0,real
scan_20260622_105433,anomaly,22097,23,41397,29,32768,710544,5929,1,0,0,0,0,real
scan_20260622_105814,anomaly,22097,30,43084,44,32768,710544,5929,1,2,0,0,0,real
scan_20260622_110305,anomaly,25836,30,43084,44,32768,710544,5929,1,2,1782106154412,0,0,real
scan_20260622_155941,anomaly,29734,75,83005,44,40960,713536,8694,0,0,0,0,1,real
synthetic_normal_01,normal,18475,76,237337,0,19070,690932,6444,0,0,0,0,0,synthetic
synthetic_normal_02,normal,19,99,105311,0,22496,713883,6385,0,0,0,0,0,synthetic
synthetic_normal_03,normal,18077,79,249503,0,19628,699606,3189,0,0,0,0,0,synthetic
synthetic_normal_04,normal,18441,72,169092,0,20920,694096,5435,0,0,0,0,0,synthetic
synthetic_normal_05,normal,16,90,224243,0,27186,715752,5556,0,0,0,0,0,synthetic
synthetic_normal_06,normal,19,99,178953,0,20757,697223,3161,0,0,0,0,0,synthetic
synthetic_normal_07,normal,17010,83,191387,0,18617,698451,3337,0,0,0,0,0,synthetic
synthetic_normal_08,normal,16,82,214752,0,25894,708366,5027,0,0,0,0,0,synthetic
synthetic_normal_09,normal,19404,74,234633,0,19900,692558,3200,0,0,0,0,0,synthetic
synthetic_normal_10,normal,18,74,110965,0,22066,709754,5690,0,0,0,0,0,synthetic
synthetic_normal_11,normal,16,96,219176,0,21342,699484,4484,0,0,0,0,0,synthetic
synthetic_normal_12,normal,19,74,205878,0,29270,711676,7636,0,0,0,0,0,synthetic
synthetic_normal_13,normal,18992,97,143585,0,20989,697616,6060,0,0,0,0,0,synthetic
synthetic_normal_14,normal,18155,95,175766,0,22102,698245,4306,0,0,0,0,0,synthetic
synthetic_normal_15,normal,16893,75,121959,0,20619,702939,7779,0,0,0,0,0,synthetic
synthetic_normal_16,normal,20,89,152733,0,29797,716577,4636,0,0,0,0,0,synthetic
synthetic_normal_17,normal,18,91,231926,0,19573,722147,6474,0,0,0,0,0,synthetic
synthetic_normal_18,normal,18,92,170467,0,18763,706839,7496,0,0,0,0,0,synthetic
synthetic_normal_19,normal,17399,85,122671,0,21853,698323,6397,0,0,0,0,0,synthetic
synthetic_normal_20,normal,15341,72,242483,0,21074,694204,5976,0,0,0,0,0,synthetic
synthetic_normal_21,normal,16,99,130306,0,27115,701305,3623,0,0,0,0,0,synthetic
synthetic_normal_22,normal,20615,99,120932,0,22120,707110,5056,0,0,0,0,0,synthetic
synthetic_normal_23,normal,20,93,159040,0,29486,698724,4445,0,0,0,0,0,synthetic
synthetic_normal_24,normal,18,98,121357,0,20679,715997,6791,0,0,0,0,0,synthetic
synthetic_normal_25,normal,16529,90,235059,0,19933,710235,4218,0,0,0,0,0,synthetic
synthetic_normal_26,normal,18677,91,237965,0,20848,716839,3562,0,0,0,0,0,synthetic
synthetic_normal_27,normal,18,97,207455,0,21971,702875,3815,0,0,0,0,0,synthetic
synthetic_normal_28,normal,16,97,249661,0,22339,722335,4060,0,0,0,0,0,synthetic
synthetic_normal_29,normal,20,70,224019,0,19638,707278,4184,0,0,0,0,0,synthetic
synthetic_normal_30,normal,19,72,136631,0,27002,715408,4686,0,0,0,0,0,synthetic
synthetic_anomaly_01,anomaly,17,40,70993,28,37438,698652,5950,1,0,0,0,0,synthetic
synthetic_anomaly_02,anomaly,19975,16,30966,25,33376,693660,6261,0,1,0,0,0,synthetic
synthetic_anomaly_03,anomaly,25375,58,68747,8,35227,720264,3991,0,0,1781134667123,0,0,synthetic
synthetic_anomaly_04,anomaly,26654,40,52217,24,34093,708506,4931,1,1,0,0,0,synthetic
synthetic_anomaly_05,anomaly,24118,53,49375,8,37441,708258,6147,1,0,1781283627673,0,0,synthetic
synthetic_anomaly_06,anomaly,23146,53,82752,8,39297,713836,5849,0,2,1781065732489,0,0,synthetic
synthetic_anomaly_07,anomaly,19,64,31938,4,35241,711840,6913,1,3,1781840916523,0,0,synthetic
synthetic_anomaly_08,anomaly,29158,48,77458,4,40895,716026,4516,0,0,0,0,0,synthetic
synthetic_anomaly_09,anomaly,22526,63,37955,21,32256,705632,7132,1,0,0,0,0,synthetic
synthetic_anomaly_10,anomaly,20,36,86234,22,34251,696641,7171,0,1,0,0,0,synthetic
synthetic_anomaly_11,anomaly,22204,37,86703,28,30298,715490,5982,0,0,1781212724958,0,0,synthetic
synthetic_anomaly_12,anomaly,30400,60,66732,11,33960,719691,5681,1,2,0,0,0,synthetic
synthetic_anomaly_13,anomaly,23587,18,55909,22,39813,705009,7186,1,0,1782068262089,0,0,synthetic
synthetic_anomaly_14,anomaly,24190,15,59298,16,36659,707708,4531,0,1,1781356015512,0,0,synthetic
synthetic_anomaly_15,anomaly,27147,35,81642,8,46141,719113,6512,1,2,1781713889838,0,0,synthetic
synthetic_anomaly_16,anomaly,24218,52,43959,9,37312,701679,7185,0,0,0,0,0,synthetic
synthetic_anomaly_17,anomaly,25282,42,47532,17,34016,723064,3255,1,0,0,0,0,synthetic
synthetic_anomaly_18,anomaly,18,15,28415,18,30828,713219,7158,0,1,0,0,0,synthetic
synthetic_anomaly_19,anomaly,19,19,29860,9,41763,712964,6636,0,0,1782104155337,0,0,synthetic
synthetic_anomaly_20,anomaly,29079,46,56187,11,33131,710491,7533,1,2,0,0,0,synthetic
synthetic_anomaly_21,anomaly,23069,37,64238,8,37564,716344,7530,1,0,1781585711013,0,0,synthetic
synthetic_anomaly_22,anomaly,19096,47,62318,26,25841,708926,7892,0,2,1782154992912,0,0,synthetic
synthetic_anomaly_23,anomaly,28902,61,37144,26,43582,703600,6445,1,1,1781065438362,0,0,synthetic
synthetic_anomaly_24,anomaly,20475,15,36907,6,41491,699992,4753,0,0,0,0,0,synthetic
synthetic_anomaly_25,anomaly,19390,15,79399,20,37234,717046,3302,1,0,0,0,0,synthetic
synthetic_anomaly_26,anomaly,28578,37,75658,18,33267,720980,4906,0,3,0,0,0,synthetic
synthetic_anomaly_27,anomaly,18,39,27561,6,37973,709963,7206,0,0,1782017144789,0,0,synthetic
synthetic_anomaly_28,anomaly,22247,59,23812,28,32072,699225,4733,1,2,0,0,0,synthetic
synthetic_anomaly_29,anomaly,30981,20,61427,14,46948,719555,5928,1,0,1781733956599,0,0,synthetic
synthetic_anomaly_30,anomaly,29647,33,78067,4,56038,714387,5048,0,2,1782150104205,0,0,synthetic
synthetic_normal_31,normal,18475,76,237337,0,19070,690932,6444,0,0,0,0,0,synthetic
synthetic_normal_32,normal,19,99,105311,0,22496,713883,6385,0,0,0,0,0,synthetic
synthetic_normal_33,normal,18077,79,249503,0,19628,699606,3189,0,0,0,0,0,synthetic
synthetic_normal_34,normal,18441,72,169092,0,20920,694096,5435,0,0,0,0,0,synthetic
synthetic_normal_35,normal,16,90,224243,0,27186,715752,5556,0,0,0,0,0,synthetic
synthetic_normal_36,normal,19,99,178953,0,20757,697223,3161,0,0,0,0,0,synthetic
synthetic_normal_37,normal,17010,83,191387,0,18617,698451,3337,0,0,0,0,0,synthetic
synthetic_normal_38,normal,16,82,214752,0,25894,708366,5027,0,0,0,0,0,synthetic
synthetic_normal_39,normal,19404,74,234633,0,19900,692558,3200,0,0,0,0,0,synthetic
synthetic_normal_40,normal,18,74,110965,0,22066,709754,5690,0,0,0,0,0,synthetic
synthetic_normal_41,normal,16,96,219176,0,21342,699484,4484,0,0,0,0,0,synthetic
synthetic_normal_42,normal,19,74,205878,0,29270,711676,7636,0,0,0,0,0,synthetic
synthetic_normal_43,normal,18992,97,143585,0,20989,697616,6060,0,0,0,0,0,synthetic
synthetic_normal_44,normal,18155,95,175766,0,22102,698245,4306,0,0,0,0,0,synthetic
synthetic_normal_45,normal,16893,75,121959,0,20619,702939,7779,0,0,0,0,0,synthetic
synthetic_normal_46,normal,20,89,152733,0,29797,716577,4636,0,0,0,0,0,synthetic
synthetic_normal_47,normal,18,91,231926,0,19573,722147,6474,0,0,0,0,0,synthetic
synthetic_normal_48,normal,18,92,170467,0,18763,706839,7496,0,0,0,0,0,synthetic
synthetic_normal_49,normal,17399,85,122671,0,21853,698323,6397,0,0,0,0,0,synthetic
synthetic_normal_50,normal,15341,72,242483,0,21074,694204,5976,0,0,0,0,0,synthetic
synthetic_normal_51,normal,16,99,130306,0,27115,701305,3623,0,0,0,0,0,synthetic
synthetic_normal_52,normal,20615,99,120932,0,22120,707110,5056,0,0,0,0,0,synthetic
synthetic_normal_53,normal,20,93,159040,0,29486,698724,4445,0,0,0,0,0,synthetic
synthetic_normal_54,normal,18,98,121357,0,20679,715997,6791,0,0,0,0,0,synthetic
synthetic_normal_55,normal,16529,90,235059,0,19933,710235,4218,0,0,0,0,0,synthetic
synthetic_anomaly_31,anomaly,28144,48,68404,4,42219,710331,7548,1,0,0,0,0,synthetic
synthetic_anomaly_32,anomaly,25952,49,52635,12,48383,705733,3301,0,1,0,0,0,synthetic
synthetic_anomaly_33,anomaly,22503,17,71885,27,31667,715408,4686,0,0,1781601656257,0,0,synthetic
synthetic_anomaly_34,anomaly,17,40,70993,28,37438,698652,5950,1,1,0,0,0,synthetic
synthetic_anomaly_35,anomaly,16,39,72921,25,37142,697199,4715,1,0,1781166793897,0,0,synthetic
synthetic_anomaly_36,anomaly,18257,59,78335,23,34569,708979,7364,0,2,1781070009467,0,0,synthetic
synthetic_anomaly_37,anomaly,25429,23,86617,29,30914,703445,3559,1,1,1781688042471,0,0,synthetic
synthetic_anomaly_38,anomaly,20683,43,81389,6,34310,705184,6059,0,0,0,0,0,synthetic
synthetic_anomaly_39,anomaly,26179,50,88385,23,34042,714121,5489,1,0,0,0,0,synthetic
synthetic_anomaly_40,anomaly,23702,64,31938,4,40276,711840,6913,0,3,0,0,0,synthetic
synthetic_anomaly_41,anomaly,29158,48,77458,12,40895,716026,4516,0,0,1781168303991,0,0,synthetic
synthetic_anomaly_42,anomaly,20733,63,85510,27,46974,712302,6851,1,1,0,0,0,synthetic
synthetic_anomaly_43,anomaly,21860,33,67280,7,32945,722065,7171,1,0,1781759220958,0,0,synthetic
synthetic_anomaly_44,anomaly,26159,30,47192,10,29979,710385,5982,0,2,1781212724958,0,0,synthetic
synthetic_anomaly_45,anomaly,30400,60,66732,11,33960,719691,5681,1,2,1781349390340,0,0,synthetic
synthetic_anomaly_46,anomaly,23587,18,55909,3,39813,705009,7186,0,0,0,0,0,synthetic
synthetic_anomaly_47,anomaly,24190,15,59298,16,36659,707708,4531,1,0,0,0,0,synthetic
synthetic_anomaly_48,anomaly,22026,30,81642,8,32298,716097,6512,0,2,0,0,0,synthetic
synthetic_anomaly_49,anomaly,24218,52,43959,24,37312,701679,7185,0,0,1781985242939,0,0,synthetic
synthetic_anomaly_50,anomaly,34019,42,47532,17,42520,726109,3255,1,1,0,0,0,synthetic
synthetic_anomaly_51,anomaly,26432,63,82292,29,39008,723899,7784,1,0,1781272781216,0,0,synthetic
synthetic_anomaly_52,anomaly,33449,17,70612,26,56708,726230,7178,0,1,1782035451476,0,0,synthetic
synthetic_anomaly_53,anomaly,29876,64,57131,4,41810,712275,7858,1,1,1781386357648,0,0,synthetic
synthetic_anomaly_54,anomaly,19576,29,43386,2,29738,699096,7261,0,0,0,0,0,synthetic
synthetic_anomaly_55,anomaly,24984,34,34388,5,33384,714335,6823,1,0,0,0,0,synthetic
scan_20260630_104818,anomaly,18,70,101470,0,20480,693903,3689,0,0,0,0,0,real
scan_20260630_103126,anomaly,18,66,91696,0,20480,706358,4039,0,0,0,0,1,real
